words,count
languag,2610
commun,1547
patient,1524
provid,1180
court,1088
differ,1079
work,1022
sign,987
research,973
health,953
data,919
translat,911
medic,897
deaf,848
method,830
profession,795
servic,782
care,770
train,765
effect,762
group,759
student,754
right,749
practic,699
inform,699
english,692
model,689
analysi,687
need,681
test,648
articl,632
examin,631
time,627
cultur,623
role,615
state,613
perform,610
educ,595
approach,594
simultan,587
program,584
particip,584
experi,567
new,527
report,523
design,520
clinic,517
measur,493
level,480
requir,480
control,466
qualiti,453
law,451
find,450
limit,445
interview,443
univers,440
evalu,437
support,433
issu,432
general,430
understand,429
assess,428
focus,419
respons,417
peopl,411
p,407
associ,406
number,402
function,402
interact,400
person,398
public,397
context,397
access,393
problem,391
reserv,389
make,385
implement,382
activ,374
legal,369
structur,368
year,366
s,364
type,356
applic,355
non,353
intern,348
learn,345
order,341
task,341
factor,340
social,336
speech,332
linguist,324
question,324
potenti,323
rate,321
hear,320
speak,317
strategi,316
skill,312
chang,311
text,308
conduct,307
indic,306
complex,306
term,306
knowledg,306
physician,305
imag,305
decis,304
follow,304
challeng,303
observ,301
constitut,298
treatment,296
appli,295
direct,294
famili,289
posit,282
standard,281
survey,281
field,280
possibl,278
human,276
subject,275
tool,273
nation,272
code,272
concept,264
self,264
sourc,263
children,262
featur,259
american,259
analys,257
natur,257
popul,256
condit,255
user,254
main,252
influenc,251
encount,244
manag,243
outcom,241
hospit,239
rule,239
regard,238
bilingu,237
barrier,236
situat,236
system,235
score,233
compet,232
point,232
c,231
view,230
combin,230
act,229
evid,227
cognit,227
valu,226
school,225
unit,224
institut,222
confer,221
framework,221
complet,219
mediat,219
record,219
higher,218
theori,217
sampl,217
special,217
risk,216
second,216
help,214
age,214
generat,212
express,211
oper,210
various,210
member,209
product,208
discours,208
teach,208
reflect,206
organ,206
healthcar,205
spanish,205
exampl,204
semant,203
cost,202
consist,202
defin,202
face,200
disabl,200
reason,199
collect,199
environ,198
lack,197
speaker,196
emerg,196
assist,195
copyright,195
histori,194
aspect,192
final,192
n,190
error,190
cell,190
compani,188
consult,188
technolog,188
project,187
argu,187
word,186
pattern,185
critic,185
feder,184
l,183
content,182
did,182
memori,182
difficulti,182
account,182
societi,182
variabl,182
target,181
hand,181
women,181
integr,181
abil,180
primari,180
execut,179
employ,179
literatur,178
polici,178
creat,178
cours,178
intervent,178
methodolog,178
origin,177
better,176
select,176
success,176
materi,176
lead,176
previous,175
obtain,175
power,175
expect,174
experiment,174
depend,173
respond,172
video,171
polit,171
resourc,170
futur,170
instruct,169
ethic,169
protect,168
diseas,168
theoret,168
qualit,165
relev,165
softwar,164
european,163
d,163
visual,163
mental,163
principl,162
valid,162
tradit,162
countri,159
characterist,159
attent,159
local,159
clinician,157
expert,157
lep,157
life,155
paramet,155
compil,155
end,153
region,153
key,153
doctor,152
good,152
machin,152
govern,151
take,151
scienc,149
read,148
small,148
procedur,148
perceiv,148
compon,148
trial,147
prefer,147
comprehens,146
appropri,146
consecut,145
multipl,144
cross,144
enhanc,143
chapter,143
nativ,143
status,142
nurs,142
consequ,141
taylor,141
optim,141
total,140
adult,139
telephon,138
domain,138
event,138
action,138
awar,137
divers,137
especi,136
staff,136
goal,136
estim,136
suprem,135
behavior,135
period,134
claim,134
real,134
comput,134
benefit,134
mechan,134
physic,133
immigr,133
profess,132
predict,132
statist,132
academ,131
section,131
definit,131
scale,131
percept,130
spoken,130
caus,130
facilit,130
adapt,129
consider,129
algorithm,129
accuraci,128
detect,128
medicin,127
note,127
seismic,127
cancer,126
shown,126
light,126
regul,125
call,125
plan,125
document,124
network,124
normal,123
simul,123
effort,123
recogn,122
visit,121
solut,121
stress,120
serv,120
recognit,119
build,119
step,119
client,118
foreign,118
v,117
prepar,117
chines,117
orient,117
provis,116
pain,116
b,116
reliabl,116
correct,115
sensit,115
book,115
vs,114
basic,114
questionnair,113
judici,113
equal,113
explain,112
child,112
programm,112
degre,112
prevent,111
util,111
advanc,111
signal,111
si,110
turn,109
depart,109
share,109
convers,109
mode,108
separ,108
engag,107
run,107
ci,107
justic,107
attitud,106
earli,106
genet,106
element,106
refuge,106
properti,105
negat,104
ad,104
stage,104
listen,103
transform,103
screen,103
center,103
confid,102
gallaudet,102
poor,102
convent,101
disord,101
diagnost,101
practition,101
answer,101
exercis,101
meet,101
resid,101
ident,100
open,100
instrument,100
class,100
teacher,99
histor,98
promot,98
hard,98
sens,98
central,97
free,97
map,96
frequenc,96
bodi,96
thought,96
virtual,96
accur,95
busi,95
legisl,95
diagnosi,95
parent,95
past,95
site,95
close,95
conflict,95
constraint,95
team,94
concentr,94
t,94
flow,94
industri,94
idea,94
modern,93
classroom,93
media,93
represent,93
minor,93
volum,93
psycholog,93
guid,93
interfac,92
extract,92
parallel,91
logic,91
forc,91
begin,91
advantag,91
oral,91
courtroom,91
ethnic,91
administr,90
multilingu,90
aid,90
shape,90
short,89
south,89
format,88
global,88
religi,88
topic,88
space,88
java,88
satisfact,88
random,87
environment,87
modul,87
criteria,87
style,87
german,86
e,86
sexual,86
despit,85
choic,85
input,85
later,85
varieti,85
scientif,85
collabor,84
gender,84
surfac,84
sequenc,84
australia,83
r,83
norm,83
emot,83
guidelin,83
profil,82
week,82
defend,82
look,81
m,81
drug,81
automat,81
attribut,80
deal,80
brain,80
behaviour,80
depth,80
scholar,79
phase,79
adjust,79
movement,79
therapeut,79
alter,79
sentenc,79
asl,79
parti,79
discrimin,78
spatial,78
loss,78
dialogu,77
symptom,77
item,77
laboratori,76
corpus,75
sever,75
gestur,75
narrat,74
treati,74
monitor,74
session,74
centuri,74
treat,74
theme,73
agenc,73
econom,73
amend,73
belief,73
messag,73
intent,72
write,72
crimin,72
gain,72
locat,72
transfer,72
trust,71
australian,71
search,71
cover,71
devic,71
architectur,71
avoid,71
mother,70
agent,70
dimens,70
scheme,70
great,70
wit,70
anxieti,69
shift,69
impair,68
flexibl,68
exposur,68
resist,67
efficaci,67
statut,67
speed,67
film,67
script,67
asylum,67
core,66
curriculum,66
french,66
month,66
infect,66
length,66
match,66
polic,65
accommod,65
contact,65
constant,65
expertis,65
domin,65
output,65
sex,65
layer,65
consent,64
restrict,64
notion,64
diabet,64
segment,64
acquisit,64
proceed,64
assign,64
transcript,64
frame,64
fundament,64
digit,63
capac,63
lexic,63
trend,63
african,63
talk,63
engin,63
assumpt,63
verbal,63
pressur,63
web,63
speci,62
grammar,62
left,62
claus,62
identif,62
al,62
block,62
reduct,62
branch,62
agreement,61
hoc,61
depress,61
ratio,61
sound,61
traine,61
stori,61
debat,61
signer,61
offici,60
reader,60
worker,60
explicit,60
densiti,60
motiv,60
hardwar,60
doctrin,60
yield,59
british,59
motion,59
trace,59
utter,59
version,59
composit,58
ii,58
failur,58
qualifi,58
part,58
opinion,58
migrant,58
negoti,57
therapi,57
recal,57
a,57
innov,57
heart,57
job,57
japanes,57
dose,57
gap,57
intens,56
exchang,56
g,56
audio,56
fund,55
held,55
ed,55
citi,55
auslan,55
urban,55
art,55
f,55
inclus,55
k,54
conceptu,54
western,54
board,54
h,54
terminolog,54
embed,54
symbol,54
secur,54
faculti,54
blood,54
extrem,54
realiti,54
water,54
acquir,54
tissu,54
market,53
today,53
stream,53
rendit,53
cluster,53
temperatur,53
learner,53
hour,53
disciplin,53
eeg,53
land,53
china,52
interv,52
overcom,52
occup,52
analyt,52
invers,52
biolog,52
pass,52
protein,52
gene,52
graduat,52
cohort,52
know,52
sociolinguist,51
incid,51
indirect,51
bias,51
proport,51
uk,51
privat,51
wave,51
attend,51
war,50
marker,50
domest,50
statutori,50
remot,50
consum,50
undergradu,50
pragmat,50
optic,50
growth,50
lectur,50
robot,50
la,50
classifi,49
mobil,49
argument,49
secondari,49
aris,49
mark,49
congress,49
inher,49
certif,49
classif,49
young,49
intellig,49
command,49
italian,49
volunt,48
diagnos,48
databas,48
uncertainti,48
interfer,48
span,48
contemporari,48
healthi,48
revers,48
fast,48
complic,48
feasibl,48
food,48
safeti,48
index,48
border,48
omiss,47
modal,47
st,47
audienc,47
file,47
antibodi,47
mass,47
infant,47
pedagog,47
partial,47
outsid,47
boundari,47
paus,47
feedback,46
versus,46
union,46
suppress,46
scope,46
cope,46
hypothesi,46
psychiatr,46
nois,46
joint,46
intercultur,46
encourag,46
equip,45
friend,45
recruit,45
desir,45
feel,45
hiv,45
coordin,45
confront,45
fluenci,45
min,45
north,45
distanc,45
chronic,45
adolesc,44
coverag,44
weight,44
load,44
guarante,44
isol,44
evolut,43
said,43
arab,43
commit,43
check,43
africa,43
acid,43
breast,43
exhibit,43
dual,43
host,43
percent,43
anim,42
canadian,42
eu,42
canada,42
reaction,42
circuit,42
indian,42
forest,42
organis,42
charact,42
familiar,42
chemic,42
appoint,42
deviat,41
california,41
specifi,41
monolingu,41
latino,41
threshold,41
broker,41
reservoir,41
specialti,41
partnership,41
date,41
contextu,41
satisfi,41
insur,40
reconstruct,40
civil,40
counsel,40
suspect,40
trauma,40
district,40
vocabulari,40
sustain,40
regist,40
arm,40
impli,40
reproduct,40
aborigin,40
syntact,40
asian,39
enrol,39
geolog,39
enter,39
concord,39
quantifi,39
paradigm,39
coeffici,39
death,39
muscl,39
radiograph,39
male,39
fish,39
master,39
configur,39
repetit,39
literari,39
graphic,39
sought,39
receptor,39
clarifi,39
minut,38
scenario,38
magnet,38
visibl,38
injuri,38
japan,38
cycl,38
contract,38
inconsist,38
rest,38
transit,38
return,38
religion,38
delay,38
tension,38
facil,38
fair,38
neural,38
mg,37
news,37
elicit,37
born,37
appeal,37
csf,37
soil,37
actor,37
accredit,37
candid,37
plant,37
gps,37
suppli,37
ireland,37
list,36
declar,36
untrain,36
medium,36
daili,36
million,36
compress,36
therapist,36
label,36
inter,36
immun,36
videotap,36
endpoint,36
hous,36
authent,36
bridg,36
enact,36
wrist,36
rat,36
judgment,36
novic,35
patent,35
ada,35
nc,35
spectral,35
name,35
channel,35
circumst,35
veloc,35
motor,35
literaci,35
coher,35
processor,35
plasma,34
linear,34
took,34
conserv,34
tree,34
birth,34
peer,34
classic,34
concurr,34
extern,34
jurisprud,34
white,34
bytecod,34
fulfil,34
philosoph,34
skin,34
cantones,34
largest,34
stimul,34
textual,34
jewish,34
booth,34
trait,34
tax,34
strateg,34
meta,34
prioriti,34
moder,34
moment,33
strength,33
zealand,33
di,33
advers,33
mexico,33
hypothes,33
manual,33
cardiac,33
pair,33
televis,33
violenc,33
pediatr,33
multicultur,33
theolog,33
church,33
custom,33
titl,33
ethnograph,33
updat,32
filter,32
rater,32
older,32
fluid,32
indigen,32
bound,32
iter,32
pursu,32
lawyer,32
store,32
dimension,32
germani,32
faith,32
iii,32
retriev,32
regulatori,32
stack,32
patholog,32
career,32
transport,32
grade,31
home,31
verifi,31
driven,31
thread,31
struggl,31
inadequ,31
molecular,31
washington,31
rural,31
vector,30
specialist,30
militari,30
radiologist,30
easi,30
internet,30
vision,30
genom,30
energi,30
feed,30
lay,30
deposit,30
decod,30
substitut,30
emphasi,30
gp,30
convert,30
employe,30
island,30
attenu,30
ideolog,30
equilibrium,30
reform,30
incom,30
mutat,30
pictur,30
varianc,29
supervis,29
bone,29
intellectu,29
compens,29
imped,29
criterion,29
entiti,29
macro,29
comfort,29
pregnanc,29
miss,29
jurisdict,29
arrang,29
russian,29
curv,29
impress,29
serum,29
elig,29
upper,29
physiolog,29
add,29
dataset,29
hr,29
dutch,28
ecg,28
historian,28
compromis,28
korean,28
manchest,28
pure,28
broadcast,28
track,28
surgeri,28
duti,28
coloni,28
coupl,28
sequenti,28
sub,28
christian,28
arteri,28
admiss,28
defect,28
litig,28
prolog,28
rehabilit,28
epidemiolog,28
triest,28
alloc,28
switch,28
somali,28
phenomena,28
ear,28
dna,27
blind,27
commiss,27
legislatur,27
percentag,27
workshop,27
psychotherapi,27
log,27
blend,27
glove,27
consensus,27
mathemat,27
william,27
assay,27
lattic,27
calculus,27
autom,27
exam,27
generic,27
count,27
refus,26
phone,26
ms,26
liter,26
professor,26
discurs,26
cad,26
sensor,26
rhetor,26
say,26
disput,26
financi,26
virus,26
kg,26
territori,26
cue,26
sight,26
repair,26
utilis,26
mainstream,26
vehicl,26
calibr,26
ct,26
electr,26
air,25
moral,25
fall,25
god,25
overhead,25
fault,25
trigger,25
shadow,25
chain,25
baselin,25
adjud,25
fraction,25
drive,25
tailor,25
curricula,25
runtim,25
tumor,25
brazilian,25
conscious,25
declin,25
nicotin,25
hispan,25
game,25
baroreflex,25
contracept,25
metzger,25
philosophi,25
discharg,25
sweden,25
ca,25
spoke,24
biomed,24
magnitud,24
felt,24
graph,24
respiratori,24
swedish,24
sv,24
silenc,24
artifact,24
interperson,24
polar,24
hydraul,24
diffus,24
tv,24
tb,24
complement,24
javascript,24
modif,24
mitig,24
passiv,24
hemispher,24
parliament,24
fuzzi,24
cohes,24
gather,24
hope,24
passag,24
j,24
guidanc,24
mi,23
thing,23
letter,23
instructor,23
victim,23
rsmi,23
elf,23
editor,23
music,23
o,23
disadvantag,23
cite,23
season,23
mri,23
black,23
ir,23
acceler,23
allianc,23
fractur,23
fill,23
pool,23
invest,23
primit,23
micro,23
ast,23
attract,23
subtitl,23
retent,23
exempt,23
genr,23
lesson,23
inject,23
threat,23
metaphor,23
man,23
antibiot,23
expans,23
overlap,23
auditori,22
tourism,22
shall,22
marriag,22
qualif,22
substrat,22
mail,22
dispatch,22
malign,22
server,22
testimoni,22
homeless,22
mice,22
queri,22
autonom,22
divis,22
mission,22
problemat,22
triadic,22
promin,22
causal,22
amplitud,22
go,22
usa,22
doubl,22
fourth,22
workflow,22
organiz,22
phenotyp,22
discord,22
lost,22
leader,22
labor,21
forens,21
diagram,21
safe,21
band,21
prosodi,21
rime,21
tuberculosi,21
node,21
appel,21
seeker,21
outperform,21
forearm,21
reflex,21
persist,21
margin,21
articulatori,21
pulmonari,21
republ,21
enterpris,21
citizen,21
reactiv,21
ion,21
subgroup,21
abund,21
distress,21
mistak,21
development,21
mixtur,21
api,21
annot,21
lt,21
edit,21
artifici,21
owner,21
viewer,21
practis,21
plaintiff,21
vm,21
inner,21
replac,21
postur,21
bipolar,20
plot,20
itali,20
liabil,20
sociolog,20
mild,20
wors,20
juri,20
stroke,20
agricultur,20
renal,20
oncolog,20
prosod,20
ecolog,20
workplac,20
regim,20
deep,20
colleagu,20
geophys,20
stabl,20
synthet,20
homosexu,20
propag,20
spend,20
transpar,20
disast,20
geograph,20
complianc,20
presid,20
nutrit,20
credibl,20
spain,20
journalist,20
lung,20
threaten,20
ph,20
distort,19
street,19
net,19
counti,19
tell,19
india,19
iso,19
bar,19
habit,19
hierarch,19
defici,19
council,19
citizenship,19
jit,19
salt,19
aptitud,19
cellular,19
intra,19
reson,19
wild,19
angelelli,19
mexican,19
pars,19
paul,19
radiolog,19
multimod,19
intuit,19
implicit,19
dictionari,19
burden,19
firm,19
pig,19
vaccin,18
biblic,18
mm,18
dialect,18
median,18
binari,18
danish,18
lesion,18
medicar,18
monad,18
hong,18
icu,18
kong,18
formula,18
prescrib,18
satellit,18
xml,18
polish,18
satur,18
peak,18
trainer,18
inappropri,18
liber,18
elder,18
interviewe,18
schema,18
alpha,18
tongu,18
bibl,18
pc,18
metabol,18
apt,18
column,18
tac,18
fidel,18
truth,18
accent,18
privaci,18
fear,18
lua,18
cm,18
obes,18
smooth,18
portion,18
storag,17
harass,17
dengu,17
finger,17
prison,17
sli,17
coron,17
credit,17
neonat,17
landscap,17
attorney,17
leiden,17
flaw,17
pathologist,17
melt,17
dental,17
esophag,17
juror,17
egg,17
senior,17
transact,17
wavelet,17
artist,17
archaeolog,17
damag,17
cardiovascular,17
rapport,17
gradient,17
verif,17
prompt,17
sphere,17
began,17
rank,17
compound,17
pregnant,17
england,17
tech,17
signatur,17
confound,17
belong,17
modular,17
complaint,17
revolut,17
announc,17
affirm,17
maker,17
infrastructur,17
stub,17
misunderstand,17
anthropologist,17
latina,17
fe,17
didact,17
python,17
panel,17
pace,16
newspap,16
kinet,16
mortal,16
membran,16
metal,16
visitor,16
wm,16
iv,16
czech,16
alongsid,16
panoram,16
intermedi,16
accid,16
spot,16
cerebr,16
recipi,16
pump,16
nesb,16
road,16
fertil,16
rubi,16
delet,16
malaria,16
coat,16
pcr,16
print,16
erisa,16
caption,16
commentari,16
withdraw,16
sermon,16
tap,16
sis,16
redund,16
termin,16
embodi,16
babel,16
qc,16
cu,16
cent,16
portray,16
quarter,16
hp,16
u,16
eri,15
privileg,15
chiropract,15
enrich,15
grammat,15
proposit,15
discoveri,15
hmong,15
cnc,15
anthropolog,15
lifeworld,15
younger,15
biomechan,15
wilkin,15
die,15
round,15
slower,15
snp,15
sd,15
morbid,15
fi,15
vote,15
decomposit,15
crime,15
hepat,15
legitimaci,15
w,15
canon,15
inquiri,15
intermediari,15
driver,15
scholarship,15
adsorpt,15
standpoint,15
urinari,15
introductori,15
vis,15
ictal,15
dream,15
cpa,15
bowel,15
packag,15
imagin,15
labour,15
menopaus,15
kosovo,15
sea,15
gt,15
sent,15
race,15
prosecut,15
latenc,15
adequaci,15
augment,15
tribun,15
matrix,15
borderlin,15
particl,15
nuclear,15
trilingu,15
devis,15
wall,15
deliber,15
vp,15
interrog,15
soviet,15
tick,15
stay,15
tortur,15
van,15
veget,15
accus,14
forum,14
relay,14
substant,14
verb,14
debug,14
welfar,14
swiss,14
inton,14
eipa,14
basin,14
ip,14
grown,14
split,14
cape,14
virgin,14
implant,14
proxim,14
wait,14
tort,14
ex,14
synchron,14
childhood,14
sovereign,14
silent,14
conveni,14
axi,14
spectroscop,14
telecommun,14
transnat,14
par,14
foot,14
psychosoci,14
satisfactori,14
scriptur,14
influenza,14
psychologist,14
cast,14
traumat,14
jvm,14
cach,14
der,14
portugues,14
voltag,14
fp,14
strain,14
commerc,14
carolinian,14
prostat,14
alvimopan,14
brca,14
microgr,14
aquitard,14
interlocutor,14
bacteri,14
echo,14
pharmacist,14
libra,14
phenomenolog,14
habitat,14
dci,14
spect,13
liberti,13
card,13
autonomi,13
bank,13
apprais,13
treg,13
marin,13
dot,13
hrv,13
ontolog,13
bandwidth,13
enlighten,13
genotyp,13
nonverb,13
inaccur,13
invis,13
hypertens,13
hcps,13
breach,13
ori,13
dsgs,13
draft,13
kinemat,13
metric,13
naati,13
palliat,13
notat,13
gh,13
videoconferenc,13
confidenti,13
airway,13
finland,13
peculiar,13
youth,13
lip,13
chart,13
pvs,13
barr,13
korea,13
mine,13
entri,13
contributor,13
sl,13
disclos,13
multimedia,13
converg,13
danger,13
inhibitor,13
paraphras,13
slovenian,13
inmat,13
ecj,13
contradictori,13
expropri,13
rout,13
uptak,13
mis,13
guinea,13
dispers,13
partit,13
kernel,13
defibril,13
aerial,13
belgium,13
empow,12
settlement,12
debugg,12
roc,12
smoke,12
transliter,12
interobserv,12
household,12
comprehend,12
cumul,12
seminar,12
punish,12
specul,12
apart,12
pharmaci,12
disposit,12
soon,12
homogen,12
tie,12
serious,12
prophylaxi,12
parameter,12
hoh,12
conting,12
interlingu,12
thai,12
hunt,12
tract,12
parametr,12
caregiv,12
bourdieu,12
suscept,12
polygen,12
tower,12
sixth,12
ach,12
los,12
oscil,12
gynecolog,12
britain,12
readmiss,12
overload,12
deepli,12
ritual,12
fm,12
thermal,12
lambda,12
tfv,12
adhes,12
se,12
calvin,12
specialis,12
bpm,12
sketch,12
epitheli,12
turkish,12
apoptot,12
resembl,12
inequ,12
minnesota,12
fee,12
fibr,12
socioeconom,12
lingua,12
predic,12
epistem,12
clip,12
anglo,12
textur,12
recess,12
nm,12
lawsuit,12
tutor,12
academia,12
recurs,12
carrier,12
finch,12
wittgenstein,12
antimicrobi,11
em,11
hole,11
mp,11
gate,11
dhh,11
sch,11
shear,11
rewrit,11
massiv,11
entail,11
dog,11
resettl,11
mule,11
preach,11
participatori,11
sas,11
premis,11
heritag,11
insensit,11
dialysi,11
primer,11
burnout,11
drainag,11
throughput,11
cap,11
genesi,11
sr,11
martinez,11
en,11
citat,11
ev,11
ep,11
royal,11
endorphin,11
drawdown,11
breath,11
kappa,11
microcontrol,11
underus,11
offspr,11
atlant,11
wmc,11
fat,11
induct,11
sovereignti,11
lifestyl,11
workstat,11
contour,11
dentist,11
markup,11
allergen,11
gay,11
mfor,11
rid,11
broadband,11
matern,11
franca,11
conquest,11
albumin,11
fda,11
metacognit,11
hungari,11
probe,11
isaiah,11
nmr,11
bird,11
austria,11
naoh,11
psycholinguist,11
mute,11
ctiha,11
photograph,11
cohen,11
aba,11
perfection,11
sediment,11
vrs,11
streamb,11
heteronorm,11
mach,11
indonesia,11
paint,11
somat,11
troubl,11
irish,11
etiolog,11
peptid,11
microbi,10
tachycard,10
unif,10
unavail,10
detent,10
cortic,10
interrupt,10
arrow,10
enorm,10
renew,10
dox,10
dr,10
ethnographi,10
bladder,10
roma,10
explanatori,10
rna,10
ici,10
forcibl,10
for,10
buffer,10
capacit,10
sod,10
paediatr,10
allevi,10
ophthalmolog,10
milk,10
bradycard,10
festiv,10
workload,10
urin,10
price,10
islam,10
uc,10
clarif,10
these,10
wale,10
cbos,10
newborn,10
deduct,10
pioneer,10
stereotyp,10
defunction,10
iraq,10
purchas,10
oecd,10
oxygen,10
pollut,10
nietzsch,10
polyp,10
chromosom,10
prolifer,10
betray,10
hip,10
politician,10
cytometri,10
covari,10
y,10
liaison,10
bilater,10
theorem,10
judgement,10
prenat,10
mrsa,10
pros,10
flander,10
websit,10
vienna,10
nuremberg,10
cis,10
nationalist,10
gc,10
reflux,10
talent,10
nahuatl,10
compass,10
ottoman,10
legaci,10
pronoun,10
polymorph,10
cf,10
cv,10
poet,10
intercrop,10
phc,10
permeabl,10
judiciari,10
corros,10
fetal,10
sister,10
cruel,10
zebra,10
hpv,10
iava,10
eol,10
confess,10
authoris,9
poliovirus,9
croatian,9
christ,9
luther,9
tertiari,9
tele,9
armi,9
warn,9
golog,9
generaliz,9
preoper,9
tourist,9
echocardiograph,9
mediev,9
carcass,9
intraven,9
acidosi,9
marit,9
cshcn,9
monocultur,9
advertis,9
allopurinol,9
mcs,9
lesser,9
postop,9
preterm,9
dean,9
guess,9
icp,9
trustworthi,9
coastal,9
soyinka,9
analyst,9
han,9
retir,9
textbook,9
handicap,9
pseudo,9
pet,9
geographi,9
descriptor,9
sa,9
owl,9
devianc,9
aesthet,9
genocid,9
cambodian,9
obstetr,9
z,9
supervisor,9
municip,9
alphabet,9
preparatori,9
gwas,9
psi,9
hemodynam,9
mood,9
fraud,9
vhl,9
neuropsycholog,9
te,9
gsh,9
arena,9
vii,9
reformul,9
divin,9
fc,9
mucosa,9
radiat,9
flower,9
prophet,9
park,9
vocat,9
uectd,9
spiritu,9
nachr,9
triad,9
taiwan,9
disfluenc,9
bl,9
apoptosi,9
iir,9
simon,9
aquif,9
phytochrom,9
breastfeed,9
storytel,9
survivor,9
petrarch,9
fetch,9
wolf,9
farm,9
leukemia,9
infertil,9
dlc,9
dag,9
frontal,9
habitus,9
advisor,9
david,9
scene,9
prestack,9
informat,9
mia,9
michigan,9
denmark,9
exacerb,9
empathi,9
teamwork,9
fellow,9
laser,9
uniti,9
checklist,9
lisp,9
page,9
trout,9
adversari,9
offset,9
certainti,9
maori,9
napl,9
hesit,9
vcg,9
auxiliari,9
naiv,8
nitrat,8
calf,8
chemoresist,8
monoclon,8
hop,8
fis,8
dsl,8
entrap,8
chuukes,8
estrada,8
congruent,8
secretari,8
aerosol,8
pariet,8
videoconfer,8
ib,8
overt,8
stringent,8
unfair,8
cognat,8
donat,8
alexand,8
bengali,8
solar,8
eject,8
veterinarian,8
ne,8
nf,8
freelanc,8
hormon,8
mechatron,8
underserv,8
twentieth,8
fli,8
bicultur,8
ineffect,8
sp,8
arduino,8
es,8
fv,8
numa,8
tempera,8
gil,8
easement,8
afrikaan,8
allel,8
mrs,8
inuit,8
nonsign,8
vra,8
deconvolut,8
murin,8
amp,8
psp,8
deficit,8
shrs,8
het,8
regimen,8
nearest,8
exemplar,8
gyrus,8
standardis,8
scz,8
allergi,8
tc,8
diari,8
song,8
mpr,8
iraqi,8
israel,8
ital,8
photographi,8
infecti,8
compulsori,8
infanc,8
salicyl,8
ftc,8
basal,8
illeg,8
lis,8
king,8
transferrin,8
arc,8
mdv,8
dietari,8
nato,8
focal,8
heterosexu,8
fabric,8
novelti,8
dialog,8
budapest,8
ag,8
dwpt,8
ifeg,8
alien,8
pvhl,8
percentil,8
achill,8
df,8
lg,8
tsl,8
lb,8
anomal,8
conceptualis,8
gepsvm,8
graviti,8
horn,8
dorsal,8
movi,8
ctap,8
aiic,8
lsm,8
yugoslavia,8
ch,8
cg,8
moistur,8
glossari,8
pifbp,8
polym,8
rememb,8
excav,8
contamin,8
pupil,8
advocaci,8
pandem,7
fiji,7
dri,7
spin,7
comorbid,7
player,7
bimod,7
interpol,7
greec,7
interrat,7
smartphon,7
hearsay,7
bdnf,7
leukaemia,7
mouth,7
microscopi,7
flowrat,7
aquat,7
emigr,7
anova,7
noel,7
cervic,7
norwegian,7
gift,7
uml,7
tour,7
ppi,7
hypermedia,7
colloqui,7
lle,7
rhythm,7
plume,7
montreal,7
symbiot,7
abort,7
harmon,7
gestat,7
schwartz,7
farmer,7
norway,7
receipt,7
outreach,7
codescript,7
counselor,7
russia,7
acupunctur,7
ssl,7
plaqu,7
tribal,7
kenya,7
footprint,7
manifold,7
disciplinari,7
dark,7
intel,7
clas,7
ethylen,7
oo,7
slaveri,7
idem,7
suicid,7
poison,7
stochast,7
ai,7
cps,7
stimulus,7
zn,7
automata,7
thompkin,7
gel,7
regener,7
referenc,7
excurs,7
scott,7
aphasia,7
solvent,7
postul,7
cofa,7
cts,7
exeget,7
grey,7
sham,7
prick,7
shaman,7
priorit,7
dub,7
grit,7
bis,7
stylist,7
glaucoma,7
inhomogen,7
canning,7
mecamylamin,7
incompet,7
pastor,7
pharmacolog,7
ui,7
haplotyp,7
nad,7
fatal,7
reinterpret,7
mossbauer,7
thin,7
fed,7
dentistri,7
slis,7
trap,7
slit,7
tag,7
discomfort,7
tss,7
patch,7
maladi,7
waist,7
hz,7
enrolle,7
vesicoureter,7
elast,7
shemb,7
poem,7
licensur,7
vc,7
coronari,7
slave,7
horizon,7
parchment,7
smith,7
bologna,7
macrophag,7
emperor,7
nhs,7
woodi,6
subpopul,6
phonem,6
transcultur,6
tm,6
mn,6
ixodida,6
gross,6
pascal,6
silver,6
ring,6
probat,6
isl,6
unresolv,6
davidson,6
jean,6
sua,6
intrarat,6
dp,6
eme,6
ascus,6
fnp,6
compton,6
postcoloni,6
valv,6
maimonid,6
medial,6
sln,6
sle,6
pcos,6
im,6
ownership,6
superoper,6
bold,6
whoda,6
corp,6
anderson,6
anisotropi,6
empath,6
billion,6
carer,6
nuclei,6
miscarriag,6
inconclus,6
deceit,6
hrqol,6
ngo,6
bivalv,6
taboo,6
transplant,6
ibd,6
cvvh,6
supran,6
fpt,6
aop,6
neurolinguist,6
irradi,6
cbo,6
gtc,6
fs,6
gaussian,6
ftas,6
urea,6
accl,6
parkinson,6
lesbian,6
cefr,6
browser,6
physiotherapist,6
hearer,6
anh,6
hypnosi,6
birefring,6
hgmf,6
synonym,6
romanian,6
estat,6
hostil,6
intermitt,6
gout,6
grandpar,6
orthopaed,6
alli,6
npcsc,6
turkey,6
spirit,6
arnold,6
vest,6
bsl,6
frontier,6
pap,6
satir,6
angiotensin,6
folktal,6
caudat,6
pluralist,6
radiographi,6
miranda,6
stark,6
bundl,6
lymph,6
marketplac,6
igg,6
gastric,6
nutrient,6
tp,6
toussaint,6
scour,6
lisa,6
neighborhood,6
foreground,6
ivus,6
flag,6
cochlear,6
qpcr,6
duplic,6
multicompon,6
coal,6
resort,6
pco,6
potenc,6
photoscal,6
spatiotempor,6
htm,6
freud,6
voucher,6
wilson,6
ancillari,6
liu,6
provinci,6
siox,6
croatia,6
febril,6
stt,6
pda,6
swd,6
unambigu,6
pi,6
po,6
rio,6
medicaid,6
mitochondri,6
vietnames,6
simd,6
clark,6
ganglia,6
folk,6
gatekeep,6
pediatrician,6
ontario,6
tibetan,6
nao,6
viral,6
tms,6
send,6
claudia,6
circumcis,6
fet,6
hauser,6
stewardship,6
venous,6
poetri,6
villag,6
haiti,6
li,6
crs,6
sworn,6
noninterpret,6
ecm,6
manuscript,6
rcs,6
discretionari,6
quasicryst,6
institution,6
tactil,6
energet,6
hegemoni,6
absurd,6
gpus,6
dmn,6
disjunct,6
epilepsi,6
vicari,6
colombian,6
heteroplasmi,6
vri,6
obx,6
trademark,6
fisheri,6
campus,6
whale,6
retard,6
hale,6
government,6
iugr,6
lograph,6
museum,6
bd,6
gait,6
baker,6
mcn,6
francisco,6
silica,6
freshwat,5
crts,5
warrantless,5
diffract,5
cytokin,5
kierkegaard,5
miller,5
asia,5
fossil,5
herm,5
galoi,5
prejudic,5
extrapol,5
neoliber,5
nonjudici,5
matlab,5
md,5
rinrubi,5
obliqu,5
worldview,5
opaqu,5
bosnia,5
mda,5
nigerian,5
mds,5
oligotroph,5
mason,5
biomonitor,5
isp,5
isa,5
chevron,5
subskil,5
pulsat,5
historiographi,5
palsi,5
posttraumat,5
unhcr,5
nanocomposit,5
neurolept,5
geoscientist,5
simplic,5
simplif,5
ergonom,5
earn,5
nlrb,5
spokesperson,5
heidegg,5
ipa,5
malfunct,5
hydrocarbon,5
und,5
toolkit,5
haptic,5
utilitarian,5
physiocrat,5
belarusian,5
thyroid,5
fusion,5
digniti,5
srebrenica,5
rcbf,5
insecur,5
resili,5
vignett,5
offshor,5
trim,5
estonia,5
balzac,5
proteom,5
nj,5
flood,5
gutt,5
forecast,5
erp,5
gui,5
pma,5
insan,5
unsupervis,5
humour,5
coalit,5
eyewit,5
hydrogen,5
dope,5
sni,5
corona,5
avid,5
vsapa,5
frege,5
toponym,5
videofluoroscopi,5
hcv,5
algebra,5
hcc,5
cartilag,5
ocaml,5
greenhous,5
concert,5
ionomycin,5
iaa,5
pmap,5
sam,5
ant,5
lockean,5
cigarett,5
assault,5
grassland,5
dgmm,5
bright,5
feng,5
medicalis,5
gen,5
uneven,5
tocopherol,5
zebrafish,5
tous,5
updr,5
poli,5
waterway,5
obfusc,5
genit,5
mendelssohn,5
chelex,5
addresse,5
feminist,5
nanoparticl,5
psychodynam,5
rrna,5
illusio,5
smear,5
oa,5
os,5
airlin,5
verbatim,5
deform,5
hindranc,5
schrempf,5
capsul,5
tt,5
salmonella,5
sand,5
nonlinear,5
maritim,5
sun,5
curat,5
sanction,5
agar,5
assessor,5
goat,5
gase,5
tangibl,5
hemochromatosi,5
pad,5
fool,5
stratigraph,5
icpt,5
intub,5
preclud,5
blumenberg,5
hypoperfus,5
ash,5
revolutionari,5
ridership,5
precautionari,5
revel,5
casework,5
dant,5
vocal,5
collis,5
lib,5
inexact,5
salari,5
rts,5
luka,5
liabl,5
crp,5
hereditari,5
are,5
gdl,5
ses,5
stressor,5
multiparti,5
hyperperfus,5
pd,5
corpora,5
von,5
eyewear,5
humanoid,5
kinect,5
banja,5
interstiti,5
psychoanalyt,5
mrsi,5
epic,5
minikanren,5
bankruptci,5
iowa,5
oligochaet,5
ooplasm,5
semiot,5
herzegovina,5
bracket,5
svv,5
asr,5
demedicalis,5
molar,5
prefect,5
apparatus,5
bdi,5
phytolith,5
les,5
minipig,5
bibliometr,5
patente,5
pentecost,5
brdu,5
oh,5
fmc,5
neoplasm,5
toxicolog,5
plato,5
chief,5
lllt,5
ll,5
unskil,5
junction,5
rlung,5
bitew,5
myelin,5
echr,5
pore,5
rsn,5
fsms,5
tale,5
preclin,5
vernacular,5
rubric,5
kmaw,5
tbi,5
ming,5
injur,5
workbench,5
vms,5
hypothesis,5
gram,5
symmetri,5
cs,5
cr,5
ingredi,5
rbf,5
ve,5
tecton,5
diego,5
philippin,5
triangulari,5
conferenc,5
facework,5
ragusan,5
ferritin,5
preponder,5
pagp,5
alkali,5
esp,5
panegyr,5
svh,5
murdock,5
cosmopolitan,5
biometr,5
convect,5
microvascular,5
anesthesia,5
automot,5
ortega,5
pollard,5
mediazion,4
cobe,4
ophthalm,4
herd,4
wearabl,4
robin,4
strauss,4
inexplicit,4
lengthen,4
mammogram,4
middlewar,4
neolog,4
ij,4
unjust,4
ceremoni,4
lan,4
typer,4
locomot,4
carotenoid,4
accrual,4
interrelationship,4
volcano,4
upload,4
btbs,4
pcit,4
funspec,4
kim,4
strasbourg,4
nonnat,4
epr,4
ras,4
bss,4
unpleas,4
metriti,4
detaine,4
pinocchio,4
hyperventil,4
axiom,4
biophys,4
khmer,4
metacircular,4
flemish,4
ackerman,4
irb,4
psalter,4
nuisanc,4
wto,4
proofread,4
ell,4
suprasegment,4
demotiv,4
lift,4
taxat,4
garcia,4
slt,4
aural,4
forehead,4
synchronis,4
jassi,4
portal,4
joggin,4
involuntari,4
hindpaw,4
olg,4
ict,4
filipino,4
obd,4
unequivoc,4
maltreat,4
bslis,4
biorepositori,4
bidx,4
sale,4
tip,4
nz,4
sql,4
mussel,4
nephropathi,4
nonparticip,4
scaffold,4
burn,4
aristotl,4
snack,4
peloid,4
subchondr,4
boa,4
fundamentalist,4
pen,4
ischemia,4
hypothalam,4
tenth,4
chalcogenid,4
corbin,4
sps,4
recontextualis,4
superconduct,4
mad,4
vancomycin,4
amniocentesi,4
nlci,4
stix,4
provision,4
manoeuvr,4
tbs,4
hci,4
suspens,4
cbt,4
canton,4
clbs,4
partisan,4
geoelectr,4
nonmed,4
isra,4
serolog,4
uv,4
seep,4
olean,4
inhibitori,4
jj,4
magna,4
peirc,4
cancel,4
mare,4
tumour,4
reconcili,4
taxabl,4
catech,4
avlic,4
parasit,4
invoc,4
wordnet,4
padilla,4
siegel,4
campbel,4
ncep,4
ccm,4
percutan,4
loos,4
cp,4
paraprofession,4
clay,4
quesnay,4
albuminuria,4
kjeldahl,4
jgu,4
garbag,4
slaughter,4
readmit,4
oi,4
oe,4
codeswitch,4
ehr,4
mytho,4
magneto,4
dsas,4
torso,4
pulp,4
ah,4
mover,4
jlab,4
mls,4
ptd,4
tail,4
vt,4
bass,4
ovarian,4
mystic,4
interliterari,4
soldier,4
dicta,4
dissimil,4
taker,4
allerg,4
hinduism,4
intertextu,4
orlean,4
explos,4
flint,4
tijuana,4
inca,4
oncologist,4
cervicobrachi,4
cint,4
sgas,4
fgas,4
haley,4
mmp,4
schemata,4
lifetim,4
nzsl,4
river,4
para,4
lawmak,4
obama,4
tarjoman,4
hospitalist,4
lit,4
estonian,4
supernorm,4
azimuth,4
wpsd,4
brenner,4
reput,4
malinch,4
seg,4
macrolid,4
helminthiasi,4
harbour,4
pp,4
gentil,4
kelowna,4
restraint,4
lemna,4
myeloma,4
nordic,4
pollen,4
chord,4
fbp,4
brfss,4
chironomid,4
sensemak,4
seml,4
drosophilid,4
leukem,4
prairi,4
scotoma,4
shale,4
bgh,4
asteroid,4
octant,4
chiropractor,4
cir,4
mtdna,4
yang,4
robespierr,4
vico,4
rescuer,4
unconsci,4
pashto,4
av,4
oxal,4
dome,4
chicago,4
transmembran,4
pizarro,4
simplex,4
zijn,4
unoper,4
forese,4
seropreval,4
elut,4
lc,4
lv,4
rabi,4
daf,4
astronom,4
franz,4
examine,4
alejandr,4
rsi,4
rst,4
tpq,4
dementia,4
coho,4
sol,4
pakeha,4
gess,4
lemma,4
arrhythmia,4
bead,4
lossless,4
packet,4
austrian,4
dipol,4
ufat,4
lengua,4
unenumer,4
hobb,4
cellml,4
venu,4
antipsychot,4
psychotherapist,4
cryptic,4
brunson,4
manometr,4
melatonin,4
janeiro,4
buddhism,4
schistosomiasi,4
tci,4
shuttl,4
nephrologist,4
msfd,4
redesign,4
scottish,4
leaf,4
jeremi,4
esl,4
posttest,4
globalis,4
mv,4
prandial,4
pb,4
carbohydr,4
hi,4
goniometri,4
pis,4
caravaggio,4
isdn,4
wartim,4
dissolut,4
unmix,4
star,4
astronomi,4
presente,3
ventral,3
ftai,3
hedg,3
fronto,3
ghc,3
wick,3
habea,3
codif,3
manur,3
eco,3
subtre,3
packer,3
stereoscopi,3
ecda,3
kielanowski,3
dunde,3
maladapt,3
ladder,3
finalis,3
keyboard,3
misconduct,3
cli,3
plaster,3
rins,3
trimedia,3
unnatur,3
combust,3
diction,3
dsc,3
asielinterview,3
isg,3
ise,3
isd,3
cassett,3
ntid,3
neurophysiolog,3
duckworth,3
keysign,3
mandibular,3
carpendal,3
ocd,3
ter,3
permian,3
cronin,3
sylliboy,3
estuarin,3
latent,3
hrp,3
hrd,3
misconcept,3
tlaam,3
emr,3
wikipedia,3
cloze,3
loto,3
chandler,3
coi,3
genosens,3
frc,3
herp,3
gnu,3
theatr,3
copernican,3
prefront,3
rodent,3
basement,3
gifted,3
avatar,3
veterinari,3
nervosa,3
carta,3
diagnostician,3
archaeoastronomi,3
disequ,3
tuareg,3
manageri,3
coarticul,3
ofbroadband,3
sfc,3
miscarri,3
retin,3
ericsson,3
na,3
weir,3
cubesat,3
cine,3
sqi,3
confessionari,3
dogma,3
fst,3
ul,3
osp,3
rob,3
psos,3
string,3
ophthalmologist,3
metadata,3
ferric,3
nanomateri,3
hdfq,3
cardiomyopathi,3
okinawa,3
cranial,3
laparotomi,3
retinopathi,3
mst,3
arabian,3
msd,3
mascot,3
macrosomia,3
anorexia,3
geostatist,3
cocktail,3
rehnquist,3
sacagawea,3
arthroplasti,3
nous,3
worship,3
poststack,3
nonnumer,3
som,3
manometri,3
persian,3
precancer,3
hct,3
landauer,3
jw,3
polysem,3
perceptron,3
hsls,3
fauconni,3
subclin,3
dinka,3
sidonius,3
prp,3
infocom,3
eeoc,3
ukrainian,3
malcolm,3
prehospit,3
multiscal,3
jarmo,3
anisotrop,3
roentgen,3
keller,3
impromptu,3
newfound,3
bmc,3
bme,3
wcst,3
hatim,3
summat,3
pannenberg,3
ivi,3
pac,3
cpts,3
cartoon,3
theater,3
msawp,3
resp,3
bioadt,3
aml,3
infiltr,3
shinjuku,3
xint,3
turbidit,3
newscast,3
barco,3
dominican,3
noninferior,3
crawford,3
tomeo,3
pbua,3
qus,3
gutenberg,3
cpx,3
fellowship,3
ts,3
multielectrod,3
ghana,3
mpn,3
emmorey,3
wse,3
pbs,3
znte,3
rwabukomb,3
crush,3
nono,3
ggp,3
plantain,3
baddeley,3
vlsi,3
transnationalist,3
neurosci,3
apfc,3
instantan,3
robinson,3
vmi,3
cling,3
fu,3
rheumatologist,3
atsc,3
artwork,3
radar,3
resurg,3
itu,3
lm,3
psychomotor,3
petrolog,3
coeditor,3
torranc,3
crapo,3
colombia,3
boskovit,3
pms,3
gpa,3
folklorist,3
mosaic,3
psilophyton,3
gilbert,3
rawl,3
aam,3
kink,3
cuff,3
coresearch,3
transraci,3
pfts,3
vantag,3
ileus,3
ke,3
nci,3
colloc,3
isara,3
sloss,3
menglong,3
ser,3
coagul,3
startup,3
lisbon,3
tender,3
diaspora,3
unadjust,3
celesti,3
downhol,3
yukon,3
perpetr,3
funerari,3
microcircul,3
tqm,3
spe,3
hander,3
optod,3
abattoir,3
virolog,3
nicodemus,3
uncompl,3
kamloop,3
earthquak,3
xhosa,3
qatar,3
peb,3
tinker,3
icss,3
dormant,3
gambia,3
nsm,3
usuri,3
reef,3
heinrich,3
cryptococc,3
formalist,3
articular,3
club,3
unidirect,3
dmdialog,3
desert,3
lane,3
sawyer,3
videotelephoni,3
bhcs,3
gang,3
weather,3
pupillari,3
redescript,3
iliad,3
isixhosa,3
felon,3
mural,3
cfa,3
rrt,3
eddl,3
lec,3
atmega,3
janus,3
hyperandrogen,3
lbbb,3
lime,3
usb,3
imqm,3
malawi,3
pfc,3
recount,3
ittc,3
slim,3
morphosyntact,3
afm,3
comedi,3
endoscopi,3
afp,3
tomati,3
autobiographi,3
catti,3
evolutionari,3
tst,3
primat,3
memoir,3
fuzz,3
serbia,3
imposit,3
crc,3
irreali,3
charduino,3
transposit,3
cain,3
aor,3
eleventh,3
nonword,3
pfsql,3
expenditur,3
petrograph,3
eali,3
bialystok,3
rsp,3
morph,3
humint,3
anfi,3
tactic,3
misdiagnosi,3
nmip,3
stroop,3
extralinguist,3
irrat,3
passband,3
syncloz,3
ebm,3
hemocompat,3
positron,3
foetus,3
etl,3
preprocessor,3
metalevel,3
medico,3
heuristiclab,3
mike,3
saxon,3
syriac,3
motin,3
neoforman,3
doula,3
dualist,3
dust,3
birder,3
culturali,3
tcm,3
reifi,3
neutrophil,3
portrait,3
hyperfix,3
hj,3
hf,3
flip,3
venetian,3
monument,3
whytock,3
handset,3
enceph,3
nonfeder,3
toefl,3
roleplay,3
monday,3
laparoscop,3
imit,3
syllabl,3
bcr,3
mfrm,2
putamen,2
aus,2
hyperferritinemia,2
biometri,2
calcif,2
parrot,2
wurzburg,2
frigat,2
nes,2
bultmann,2
plaintext,2
daughter,2
whoqol,2
giovanni,2
thessali,2
transatlant,2
decoloni,2
fijian,2
consulte,2
caixa,2
unfeas,2
dreamer,2
notetak,2
ecthr,2
chc,2
simic,2
gramophon,2
velap,2
coasian,2
labview,2
cardiopulmonari,2
sme,2
aggad,2
veto,2
creswel,2
corn,2
heck,2
pmscs,2
blain,2
niger,2
xie,2
pyuria,2
unorthodox,2
lithuanian,2
distal,2
laymen,2
hospic,2
bosatra,2
cillier,2
erupt,2
keypad,2
poe,2
deceas,2
berkeley,2
tini,2
chill,2
rerio,2
poloid,2
farsi,2
wound,2
osteoblast,2
restitut,2
cvm,2
bibliograph,2
gsi,2
outbr,2
epd,2
earphon,2
elm,2
eld,2
neutropenia,2
har,2
spinoza,2
rumor,2
nisei,2
pillar,2
umt,2
nontrain,2
oodeen,2
beowulf,2
arq,2
patern,2
twitch,2
joseph,2
cpet,2
bolivia,2
fpga,2
thessalian,2
whys,2
fdg,2
collaborationship,2
evangelis,2
rmpa,2
tic,2
thorax,2
hemophilia,2
analgesia,2
cholinesteras,2
viceversa,2
curitiba,2
trasformativa,2
foley,2
sidewalk,2
adorno,2
rec,2
midrash,2
antimetastat,2
jweb,2
teleconferenc,2
enthusiast,2
geotechn,2
subcategori,2
tojo,2
appendic,2
malay,2
jakobson,2
diplomaci,2
fld,2
overpass,2
spi,2
spc,2
psychophysiolog,2
eoir,2
callabl,2
coll,2
coli,2
isocrat,2
expediti,2
prospero,2
slps,2
rappel,2
cfs,2
harlan,2
raleigh,2
accp,2
difluenc,2
gpgpu,2
worcest,2
coquitlam,2
deverb,2
silhouett,2
annul,2
ethnotaxonom,2
statebuild,2
corrug,2
clang,2
orthoped,2
makerer,2
ammattikorkeakoulu,2
spaniard,2
dysfluenc,2
perimetrist,2
flcas,2
shoshon,2
tus,2
trader,2
pharao,2
delirium,2
skopj,2
ecpr,2
saltwat,2
prorenin,2
tamil,2
shope,2
saol,2
tricc,2
ein,2
sestamibi,2
semiolog,2
paratransit,2
booster,2
reliev,2
enceladus,2
personhood,2
frishberg,2
ird,2
amc,2
baltimor,2
singapor,2
sharehold,2
netlist,2
monotoni,2
uneasi,2
dislay,2
drae,2
topeka,2
outward,2
wieci,2
coral,2
videocommun,2
dahomian,2
cbc,2
effic,2
prudenc,2
prudent,2
curabl,2
wcmc,2
cfu,2
basra,2
prps,2
dativ,2
more,2
bittorr,2
jeopard,2
aapi,2
csa,2
botan,2
tertium,2
fa,2
backstag,2
embassi,2
ashanti,2
verilog,2
hzj,2
genoa,2
rostrocaud,2
arctic,2
biai,2
dreyfuss,2
mme,2
laviosa,2
cnns,2
postsocialist,2
ecuador,2
remedicalis,2
pronunci,2
dam,2
gotten,2
papermak,2
scilab,2
rti,2
cds,2
mose,2
diachron,2
catalyt,2
audiencia,2
unqualifi,2
alchiq,2
comparationi,2
anonyrnis,2
undershoot,2
gypsi,2
cartwright,2
rowley,2
chla,2
anthoni,2
weinstein,2
superson,2
socialist,2
endanger,2
downton,2
blueridg,2
sociologist,2
anniversari,2
yeti,2
cellphon,2
vlibra,2
namitambo,2
marco,2
dmca,2
catalan,2
incumb,2
narcissist,2
calypso,2
interlinguist,2
foolish,2
minimax,2
raspberri,2
millimet,2
corbi,2
reorgan,2
potassium,2
eclampsia,2
uti,2
up,2
interventionist,2
psychopath,2
tara,2
scapegoat,2
llvm,2
outgroup,2
linera,2
ruin,2
mullamaa,2
handheld,2
tang,2
seroconvers,2
deepwat,2
cfp,2
theologian,2
melancholi,2
njsb,2
wesley,2
impressionist,2
spatio,2
valproic,2
friedrichsberg,2
lima,2
gateway,2
usn,2
upgrad,2
brislin,2
knosso,2
tam,2
dragomen,2
afl,2
overmobil,2
apprendi,2
ideia,2
tvla,2
sydenham,2
grendel,2
kbs,2
anlysi,2
paratext,2
ln,2
toppl,2
polygraph,2
lfp,2
marius,2
jopool,2
tangi,2
cait,2
cytopathologist,2
cmmc,2
attest,2
lineshap,2
sixteenth,2
enssay,2
peacebuild,2
metarhyolit,2
sfs,2
pym,2
bref,2
footbal,2
technetium,2
bioint,2
geoffrey,2
qi,2
sofya,2
misus,2
differentdomain,2
marth,2
ami,2
gohr,2
cologn,2
orsi,2
otd,2
oha,2
hamburg,2
carabid,2
innuendo,2
nmea,2
kurdistan,2
terrorist,2
fellbaum,2
promd,2
carnal,2
oak,2
interlingua,2
hcws,2
swig,2
prosi,2
handshap,2
troponin,2
selectin,2
msii,2
ambival,2
vsa,2
vsc,2
esa,2
overreach,2
bertrand,2
phenomenograph,2
depur,2
rtcc,2
webcast,2
ghost,2
humain,2
cantoni,2
prehistor,2
modiomorpha,2
signet,2
oac,2
hobsbawm,2
droplet,2
vdas,2
indeterminaci,2
xenacanthid,1
deport,1
swap,1
kennard,1
donoghu,1
stern,1
unrevis,1
meaningful,1
minded,1
pregradu,1
surrend,1
denver,1
thrustbelt,1
invigor,1
priscillianus,1
lopsid,1
immediaci,1
vfst,1
perenni,1
sexist,1
cartagena,1
stephani,1
guerra,1
cotherapist,1
hyperonym,1
codiagnostician,1
lausann,1
iq,1
vianna,1
sting,1
micit,1
antaki,1
coparticip,1
pengyu,1
reparo,1
maxillofaci,1
soc,1
politicis,1
trio,1
attitudin,1
laura,1
selfperceiv,1
scitepress,1
baer,1
conductor,1
petsch,1
langsettian,1
still,1
sslmit,1
penolog,1
tempura,1
reimplement,1
riski,1
loghum,1
sah,1
proud,1
psychodiagnost,1
antioquia,1
claver,1
natuzza,1
deadlin,1
sforza,1
ludwig,1
cci,1
hysteria,1
selectingword,1
investigatori,1
ikuko,1
oleron,1
bangladeshi,1
verbalis,1
extraordinari,1
planetarium,1
ofaquileia,1
wysiwig,1
istanbul,1
gernsbach,1
tem,1
gorbachev,1
pitchforth,1
sintax,1
seedhous,1
montenegrin,1
itt,1
senan,1
gerontolog,1
multiart,1
modalis,1
proxem,1
queu,1
rephras,1
textlinguist,1
raymundo,1
serbo,1
vod,1
aa,1
spanishspeak,1
vow,1
thediagnost,1
wie,1
immemori,1
curzon,1
postcontact,1
intergroup,1
proscrib,1
possbl,1
fqs,1
evidenti,1
showmast,1
ibid,1
overseen,1
telepres,1
wil,1
phenomen,1
varieg,1
symbola,1
labov,1
teijlingen,1
koneski,1
ref,1
subdepart,1
stride,1
interviw,1
mmpi,1
backtrack,1
repect,1
croat,1
creze,1
therewith,1
mechanist,1
fred,1
distressi,1
zubaidah,1
uncontest,1
communitybas,1
canari,1
typifi,1
concol,1
eschaton,1
federici,1
forgotten,1
eckhardt,1
paradigmdefin,1
sullivan,1
crossroad,1
rationalis,1
instantapp,1
liberec,1
hair,1
vygotskian,1
zeiss,1
zulia,1
slovakia,1
scholast,1
tubular,1
saviour,1
boom,1
themisunderstand,1